-6.074173494788894345e+01,-6.066204728436709814e+01,-6.072252782974263852e+01,-6.062140217113564233e+01,-6.043192316536783437e+01,-6.063050785667891063e+01,-6.063449666087724665e+01,-6.073659910774028958e+01,-5.780293760116510526e+01
-6.134291309235418765e+01,-6.128189720622162184e+01,-6.136218238000974878e+01,-6.097933429688993812e+01,-6.131600429626196558e+01,-6.120644636762422408e+01,-5.240938766536699234e+01,-6.018923553897062817e+01,-6.056395619983631917e+01
-6.461178674282588474e+01,-6.468740237658663261e+01,-6.467554874419285227e+01,-6.457016577291666692e+01,-6.470428291225906037e+01,-6.451056976366008655e+01,-6.402036664476902672e+01,-6.422565191791929351e+01,-5.814156350101008996e+01
-6.421771927779667521e+01,-6.419209133565152570e+01,-6.412360142510789274e+01,-6.416982416047245863e+01,-6.420912539038532429e+01,-6.414456922414120754e+01,-6.378909992952326036e+01,-6.032185144446810199e+01,-6.399961768749025737e+01
-6.385283678143414221e+01,-6.385322888242539108e+01,-6.385668437916393714e+01,-6.383232571331826222e+01,-6.382845263357200594e+01,-6.380855516149611617e+01,-6.372051041069707367e+01,-6.276446937585154018e+01,-6.370688661566656208e+01
-6.621968574880759206e+01,-6.623841976378325569e+01,-6.623988689349714321e+01,-6.620289212507707077e+01,-6.618767442645922472e+01,-6.618866566852615563e+01,-6.616201264519132508e+01,-6.617681120105460479e+01,-6.488990200178056966e+01
-6.762128241285512331e+01,-6.762124863535659358e+01,-6.762101473053618861e+01,-6.762118152423003892e+01,-6.762154872723756682e+01,-6.762196602803422252e+01,-6.760030030145718172e+01,-6.757808477479325404e+01,-6.724445356456321576e+01
-6.889717881466941662e+01,-6.892173544059035351e+01,-6.891649809675745075e+01,-6.892135045593998655e+01,-6.891710988254092740e+01,-6.891791462900454235e+01,-6.889543779701070036e+01,-6.885754334840382285e+01,-6.854322449477096768e+01
-7.195782111137820891e+01,-7.195628344228740048e+01,-7.195655209392579366e+01,-7.195745877714236372e+01,-7.195784703599606758e+01,-7.196111047894372348e+01,-7.195590195967110958e+01,-7.194667696185727834e+01,-7.187292729696029880e+01
-2.926698402796817788e+01,-2.704858788752429177e+01,-3.157596901251822175e+01,-2.671696065265908260e+01,-2.657690792292530091e+01,-2.820051108399528417e+01,-2.659270733435511858e+01,-2.751172377695455751e+01,-2.636584656116103531e+01
-3.103835799090868974e+01,-3.168102385824550282e+01,-3.149845965072077192e+01,-2.987609815452394812e+01,-3.020451182891844510e+01,-2.977995332667281048e+01,-3.007037560411819399e+01,-2.977699792763393560e+01,-2.920609502730872364e+01
-3.773151756277335522e+01,-3.770832474675401613e+01,-3.801365849004269393e+01,-3.731391292981009400e+01,-3.700521175327036616e+01,-3.704332988561035478e+01,-3.710237557691500854e+01,-3.706043333656664629e+01,-3.666290219890508695e+01
-4.433373838703482051e+01,-4.380193567381837738e+01,-4.382699138577063991e+01,-4.206528015937052345e+01,-4.204491472135046592e+01,-4.217971712574187393e+01,-4.246982966272043569e+01,-4.231818624392737149e+01,-4.177360065793466504e+01
-5.450245575532078846e+01,-5.460089359218576277e+01,-5.324136381406892582e+01,-4.611546877754214080e+01,-4.620687283857490257e+01,-4.584820254132807094e+01,-4.610009780587300554e+01,-4.609213419738188833e+01,-4.586725872634202972e+01
-4.822109474990845257e+01,-4.718629301806013387e+01,-4.824404214798925494e+01,-4.606401696294790327e+01,-4.605785882298212641e+01,-4.605957406920112618e+01,-4.605737934619152441e+01,-4.605619014900739217e+01,-4.605653433235108452e+01
-4.698425261672816333e+01,-4.698205817311511368e+01,-4.648047426802728666e+01,-4.648367694293711594e+01,-4.648784833030465791e+01,-4.648294168737649557e+01,-4.647829507930156012e+01,-4.647883506880464921e+01,-4.647441139763009943e+01
-4.725926620669434186e+01,-4.752633774082908502e+01,-4.824430940944719737e+01,-4.697741549220861401e+01,-4.713363001121164331e+01,-4.697909190106745569e+01,-4.697807781412325312e+01,-4.711722877355244066e+01,-4.697885882315922146e+01
-5.064467082271436027e+01,-5.154203601751679287e+01,-5.274243410049108860e+01,-5.061804973110150030e+01,-5.061289087679188015e+01,-5.061081175153105960e+01,-5.096488239393538322e+01,-5.089759167763270398e+01,-5.062527128085401529e+01
-2.154958790508618449e+01,-2.173734831948949875e+01,-2.189999551295999680e+01,-2.043257898786162485e+01,-1.991368837867268837e+01,-1.897438064700913074e+01,-1.989652195235209931e+01,-1.998367940182035341e+01,-2.006744764692135874e+01
-2.663267764755067191e+01,-2.686747210085319892e+01,-2.691043259538531984e+01,-2.451506864777682893e+01,-2.434381550890303814e+01,-2.475335930000060358e+01,-2.474967921152948946e+01,-2.434990598408043638e+01,-2.370155684108712180e+01
-3.568113423294676778e+01,-3.614612362527076073e+01,-3.395583267721921317e+01,-2.979864468707450698e+01,-2.955311697765846191e+01,-2.799291173651442577e+01,-3.217831448235504155e+01,-3.082419040553426370e+01,-3.160997272011503156e+01
-4.027396298032511623e+01,-3.768779684958111886e+01,-3.803488614063662254e+01,-3.561572221658906301e+01,-3.586896330014847933e+01,-3.552656475430671179e+01,-3.589626718564172592e+01,-3.600762101960375361e+01,-3.471846187104719661e+01
-4.362788265909614438e+01,-4.286389252340217837e+01,-4.235874942410593036e+01,-3.934637174004127758e+01,-3.952811398494196027e+01,-3.939931315548852098e+01,-3.942434941765495182e+01,-3.932769309048322270e+01,-3.929177969383011515e+01
-4.414263707933066172e+01,-4.404467909171092543e+01,-4.465934292057030319e+01,-4.206441829043933467e+01,-4.208302081803430639e+01,-4.207638776275259573e+01,-4.205951852679632452e+01,-4.206169006383262143e+01,-4.203322921659944456e+01
-4.540072683907283846e+01,-4.517901202850821818e+01,-4.531514177838340629e+01,-4.480052153468633236e+01,-4.476920813543873834e+01,-4.476936765104869664e+01,-4.478172586737041172e+01,-4.479688217154458840e+01,-4.476771626793109959e+01
-4.678992267496168722e+01,-4.660632461981971630e+01,-4.663948127229960505e+01,-4.724621254479971810e+01,-4.659536697789055637e+01,-4.656835927986117696e+01,-4.649994968529291839e+01,-4.678654810404877651e+01,-4.649494242760925289e+01
-5.093294427572811855e+01,-5.039235107354283372e+01,-5.046629483896246882e+01,-5.167253272309653056e+01,-5.210943469525602723e+01,-5.037136462549530336e+01,-5.075446846376909349e+01,-5.075069108183351574e+01,-5.035917097146595012e+01
-2.208030825409097275e+01,-2.185178781001332027e+01,-2.101503139919758212e+01,-2.223621706395769593e+01,-2.201527972341446215e+01,-2.169713596287940405e+01,-2.187039121964461685e+01,-2.263341693284244727e+01,-2.188888150717656345e+01
-2.651417920928098937e+01,-2.353609203970152208e+01,-2.764889552423648311e+01,-2.693229309406767769e+01,-2.638563179620752308e+01,-2.681364784049429062e+01,-2.748996894172060479e+01,-2.746387553255823732e+01,-2.750240684096269561e+01
-3.365436927263169764e+01,-3.174293456944378988e+01,-3.417220345511902480e+01,-3.425008487183480810e+01,-3.393436685893359339e+01,-3.337180605825160029e+01,-3.374242694882315163e+01,-3.339884506329178038e+01,-3.322510827150099288e+01
-3.395892576543553076e+01,-3.563549077355291672e+01,-3.636777415062962149e+01,-3.635380451441869809e+01,-3.660130395470689280e+01,-3.614932727005029989e+01,-3.682575894118640036e+01,-3.615817204752221414e+01,-3.666795512739322760e+01
-4.000879135077712334e+01,-3.996702106304712032e+01,-3.997383493692388612e+01,-3.997879888381496727e+01,-3.997134796760735753e+01,-3.998508463048815997e+01,-4.003256738521801594e+01,-3.999148363520194494e+01,-3.998139799235561043e+01
-4.271180061499008929e+01,-4.270350755684364685e+01,-4.271204381702138875e+01,-4.270073928660075069e+01,-4.285286919346945922e+01,-4.274140434870913907e+01,-4.270965436497660761e+01,-4.273703088278490014e+01,-4.270791232377760593e+01
-4.520732541844415664e+01,-4.521688956924496949e+01,-4.519094289373748552e+01,-4.523709084897843269e+01,-4.519839831625326099e+01,-4.541537653539531760e+01,-4.520109194205372205e+01,-4.531061001539966782e+01,-4.519881653548205236e+01
-4.766241333530593494e+01,-4.876028641724147406e+01,-4.768428163769333139e+01,-4.753173117800564285e+01,-4.754033409570992319e+01,-4.753195549295271150e+01,-4.818162220770805959e+01,-4.750908375732767297e+01,-4.750345310624412321e+01
-5.048523327071042388e+01,-5.046184918666232022e+01,-5.097339498717651907e+01,-5.043937391071950316e+01,-5.082210314789313799e+01,-5.224386181271003693e+01,-5.055414623063919777e+01,-5.233157264734989411e+01,-5.148780251481688452e+01
-4.819634766823988059e+01,-4.823823604660383779e+01,-4.822647032928416166e+01,-4.826749530323493076e+01,-4.822512104967219670e+01,-4.827303334393175049e+01,-4.794254106814252481e+01,-4.435687888600742923e+01,-4.798655614080545462e+01
-4.769716453784864996e+01,-4.769646041706357664e+01,-4.773310609968856966e+01,-4.762011756043148836e+01,-4.766383991488763172e+01,-4.766368974908181144e+01,-4.734323044527899782e+01,-4.443738799154481001e+01,-4.725442090861270827e+01
-4.721690910091686533e+01,-4.719305235505856899e+01,-4.718734739302490766e+01,-4.715279230660168963e+01,-4.717290982956567547e+01,-4.726526480596243829e+01,-4.468502337992696027e+01,-4.702900297867901003e+01,-4.711802106847357408e+01
-4.604608417561587430e+01,-4.604375998697780403e+01,-4.603960752528797684e+01,-4.607799420841978844e+01,-4.603216903089433742e+01,-4.608124144361840990e+01,-4.596052518553558031e+01,-4.336838647757562626e+01,-4.585522288850246753e+01
-4.511685697947663698e+01,-4.513099470385134282e+01,-4.510780837495173046e+01,-4.513047786356122515e+01,-4.510400253937397963e+01,-4.508215271451530981e+01,-4.501439439447920421e+01,-4.344627904228038062e+01,-4.490499264373097077e+01
-4.681228507495230673e+01,-4.681292016291292413e+01,-4.680893981629245104e+01,-4.678743861755721412e+01,-4.680184454578169095e+01,-4.682044128656550441e+01,-4.679802719653460485e+01,-4.674668234670437528e+01,-4.609686023103486718e+01
-4.827299956628392152e+01,-4.827308371590777369e+01,-4.828020535851628381e+01,-4.827819827368421102e+01,-4.827161616784812992e+01,-4.827379572244002759e+01,-4.822674719395584475e+01,-4.820951519083440218e+01,-4.788426677838526757e+01
-4.908789966195991639e+01,-4.909425150578042008e+01,-4.908860904403449865e+01,-4.908034464029137212e+01,-4.908743214538063881e+01,-4.909617118213823517e+01,-4.908936065543745997e+01,-4.903092421751399854e+01,-4.885736804244336184e+01
-5.103247745785794365e+01,-5.103247653128309480e+01,-5.103706490643106974e+01,-5.103248862972883160e+01,-5.103247087103422786e+01,-5.103943291908124280e+01,-5.103831851291331390e+01,-5.103883100891358993e+01,-5.103249205567842495e+01
-1.984675000089705676e+01,-1.927012664336652037e+01,-2.044619908658305363e+01,-1.909520482249629936e+01,-1.916414679152595824e+01,-1.908872751686864078e+01,-1.898344028979931863e+01,-1.999593673977753738e+01,-1.876076526249082832e+01
-2.335689551200392700e+01,-2.313430132062741862e+01,-2.291546649152816073e+01,-2.272966669581262167e+01,-2.276956330713049681e+01,-2.279563213398363786e+01,-2.244723987708344026e+01,-2.265956074159479883e+01,-2.217637414089726988e+01
-2.792983850255085443e+01,-2.759345455595917329e+01,-2.801290762491809261e+01,-2.632967132711772607e+01,-2.641405205312243609e+01,-2.620096547975858670e+01,-2.599222522464375018e+01,-2.703632511096594726e+01,-2.471696366718028770e+01
-3.033546918063019149e+01,-3.027461701092335744e+01,-3.004589396193128792e+01,-2.953461990388555947e+01,-2.952168162103999194e+01,-2.946583015540773687e+01,-2.918554288318686574e+01,-2.907961150601315481e+01,-2.916395919823513694e+01
-3.540473608327456390e+01,-3.583536140863252939e+01,-3.529142383464951394e+01,-3.018321034337343534e+01,-3.030853374387264765e+01,-3.009121356982981155e+01,-3.011716775893974329e+01,-3.009907851007397639e+01,-3.008772578740616055e+01
-3.007295952989433729e+01,-3.111559843556677052e+01,-3.052055533755691741e+01,-2.935944732258422718e+01,-2.924867159669500793e+01,-2.926968015713273630e+01,-2.924960731356672383e+01,-2.924747324677797877e+01,-2.921559832610383012e+01
-3.038362406471954102e+01,-3.055521051166049773e+01,-3.032708505104287866e+01,-3.003900901197603091e+01,-3.026677908391598493e+01,-3.015774192755358385e+01,-3.003592058311251733e+01,-2.996423271656654919e+01,-3.003800280328946215e+01
-3.057387466198065695e+01,-2.939615497270100875e+01,-3.058454537819063646e+01,-2.879658405260615694e+01,-2.879215120397660854e+01,-2.879223567144487816e+01,-2.906750288500591495e+01,-2.898876291631271584e+01,-2.887963844132985258e+01
-3.234629484816689171e+01,-3.148017134428922859e+01,-3.185726350660924311e+01,-3.184797213429222040e+01,-3.277408733967447318e+01,-3.122333937430041573e+01,-3.120778252012267018e+01,-3.119836050921221471e+01,-3.119987291625989911e+01
-1.680512342852235008e+01,-1.657162974542309186e+01,-1.673275951066376166e+01,-1.507685070018144557e+01,-1.503084460255008814e+01,-1.509158708420556927e+01,-1.515071453988248784e+01,-1.498272461882102569e+01,-1.488070889176396427e+01
-2.039046121360037844e+01,-2.029937147485230042e+01,-2.042664985689057033e+01,-1.822513728850924153e+01,-1.838894697024110059e+01,-1.841438412289005555e+01,-1.832630154599585026e+01,-1.844891213298890165e+01,-1.815994816431174286e+01
-2.222140339197210324e+01,-2.271734972406505548e+01,-2.306080343281417910e+01,-2.023825792093964893e+01,-2.017107649147822102e+01,-2.031490928134293839e+01,-2.012856955296990691e+01,-2.024747411358377391e+01,-2.008820416602982917e+01
-2.652708966498902043e+01,-2.656247367770512113e+01,-2.652338133719834801e+01,-2.240613540292422812e+01,-2.255500433895784340e+01,-2.246745237212875423e+01,-2.238541804035983418e+01,-2.232836019071753952e+01,-2.228707362500223610e+01
-2.832479920826282438e+01,-2.766179441068620193e+01,-2.826493348662759431e+01,-2.375123266607737804e+01,-2.374230360654040695e+01,-2.389618337687872085e+01,-2.385354169472845598e+01,-2.349969844250749418e+01,-2.349651093757649534e+01
-2.822893196992579234e+01,-2.832291793777712741e+01,-2.836507045461657128e+01,-2.574588556243807247e+01,-2.579774039148513864e+01,-2.585413948668404061e+01,-2.583466886871709178e+01,-2.591982330367178733e+01,-2.536870261425662676e+01
-2.668469492362407181e+01,-2.769471546156803399e+01,-2.816778167311834835e+01,-2.557853194884470938e+01,-2.586683521301300459e+01,-2.547348971733631018e+01,-2.546724702753936143e+01,-2.547202942916746338e+01,-2.663594128140072570e+01
-3.112144204458022045e+01,-2.730120643021196258e+01,-2.769301517727926054e+01,-2.922176742006621097e+01,-2.730396064697992742e+01,-2.716187107207969476e+01,-2.846729462218366535e+01,-2.793580418387578845e+01,-2.693860859662894214e+01
-2.942144180601584935e+01,-3.247618498500762030e+01,-2.947046594683651577e+01,-2.917611646423279126e+01,-2.922802453107086862e+01,-2.970717943887554213e+01,-3.019499520441244300e+01,-2.929736780577046318e+01,-2.959749091766283513e+01
-1.547626221280569858e+01,-1.602865352843983970e+01,-1.597230121001461534e+01,-1.606709397746523749e+01,-1.649732201463953274e+01,-1.626409001884027106e+01,-1.590089708798564061e+01,-1.602749481385581376e+01,-1.629404091584342495e+01
-1.914809685423038133e+01,-1.916121132772420310e+01,-1.865769598123226203e+01,-1.902071784399190335e+01,-1.967017674924804282e+01,-1.937761914760285009e+01,-1.914344667060985827e+01,-1.949383918093024093e+01,-1.903209041479341934e+01
-2.106890081795034675e+01,-2.104655569671535886e+01,-2.048476448377121528e+01,-2.158812500975523463e+01,-2.140322640898111217e+01,-2.098351732701458516e+01,-2.120506435770785814e+01,-2.080912672976081979e+01,-2.128816422305622424e+01
-2.285422715046910014e+01,-2.246447278435090666e+01,-2.290173717322983649e+01,-2.319221092941241835e+01,-2.279838520770416110e+01,-2.278207388815154033e+01,-2.301905406110298458e+01,-2.281130194521960419e+01,-2.319456928359427650e+01
-2.422210293120402369e+01,-2.433228561976294912e+01,-2.436728584638071027e+01,-2.441718163609951375e+01,-2.440848130000847505e+01,-2.444090775393974369e+01,-2.441013519586213931e+01,-2.443368888142878248e+01,-2.451632207816302156e+01
-2.583501015378345045e+01,-2.580428346371742165e+01,-2.579258856503569319e+01,-2.579204188011949839e+01,-2.574255570587122222e+01,-2.584462591432734158e+01,-2.608492859532673691e+01,-2.640000923737325778e+01,-2.580479518622611224e+01
-2.595339362265074712e+01,-2.590860744814212069e+01,-2.598514818704918028e+01,-2.596285890795575568e+01,-2.598098418398668130e+01,-2.605172696549336564e+01,-2.592715028349291018e+01,-2.642046399415156799e+01,-2.602322346612436377e+01
-2.674697380829395144e+01,-2.698349168749827243e+01,-2.706496621266153468e+01,-2.846082074683556584e+01,-2.711363267716903991e+01,-2.687490517803934509e+01,-2.682200348609190499e+01,-2.732584403665483208e+01,-2.711137730653445743e+01
-3.244264558086717187e+01,-2.910410969311686813e+01,-2.922199981920521950e+01,-3.034088102571969259e+01,-2.912894420316170851e+01,-2.974209996884636809e+01,-3.115445596161159258e+01,-2.921647956854134875e+01,-3.082120893353984670e+01
-3.001504580939075595e+01,-3.000437493885597107e+01,-3.000788039710529276e+01,-2.989942885214106028e+01,-2.992714619113309737e+01,-2.989701273361772138e+01,-2.986312624101456237e+01,-2.986894515486590862e+01,-2.795451703497933593e+01
-2.928795578353602735e+01,-2.929182287026004161e+01,-2.930121335666301974e+01,-2.928479213109818957e+01,-2.928652325458347505e+01,-2.927082449478745829e+01,-2.922717699090880927e+01,-2.914562090256562854e+01,-2.840180920446180934e+01
-2.824692966185452647e+01,-2.826008991783658075e+01,-2.824692429911855029e+01,-2.822332945889850819e+01,-2.824074013657365967e+01,-2.824178826869258430e+01,-2.663957805007612833e+01,-2.813236979611010113e+01,-2.814740106814504017e+01
-2.643867478510445324e+01,-2.641313080439753946e+01,-2.642022825168349698e+01,-2.650899396899109561e+01,-2.646848567277626429e+01,-2.641815765492614432e+01,-2.637662561958058660e+01,-2.258702485556660022e+01,-2.627492886828587615e+01
-2.630496770837925524e+01,-2.630506978850841548e+01,-2.628880514424460557e+01,-2.630775257602088502e+01,-2.627100480224151013e+01,-2.628294939543341968e+01,-2.626098129642715762e+01,-2.626004137162242458e+01,-2.593131744771144298e+01
-2.720915897437177478e+01,-2.720986776065003099e+01,-2.720980816419216453e+01,-2.720456651116673186e+01,-2.721692767642160860e+01,-2.720842681885300607e+01,-2.719453412608427456e+01,-2.720466298853699172e+01,-2.709526155744925546e+01
-2.862429190952687108e+01,-2.863018050417009519e+01,-2.862337209038603447e+01,-2.863094895617370383e+01,-2.861698089754076335e+01,-2.863095255976020681e+01,-2.862849132930126572e+01,-2.852475996143175507e+01,-2.862465438080313263e+01
-2.938260197851172961e+01,-2.939675651209752161e+01,-2.938385474063483827e+01,-2.939363748056280912e+01,-2.936111312852816368e+01,-2.939454806669892051e+01,-2.939209827589738566e+01,-2.932811724870697390e+01,-2.927466513687053151e+01
-3.165801192222993876e+01,-3.165801131670198387e+01,-3.165801474300267770e+01,-3.165802348328528737e+01,-3.165804011866407919e+01,-3.166501769961277901e+01,-3.166094772624476761e+01,-3.165802743823477883e+01,-3.161755964214746939e+01
-7.128999129657185740e+00,-6.825103083808170545e+00,-6.687022553819669035e+00,-6.477827590734915653e+00,-6.859479533629610160e+00,-6.883752262535100641e+00,-6.575040674465369328e+00,-5.465013833525118159e+00,-6.631819702411515749e+00
-8.253064096545355000e+00,-8.247733641422339446e+00,-8.117897736628021832e+00,-8.282343545377271354e+00,-8.517900858855073309e+00,-8.146715667415016071e+00,-8.329487514305879969e+00,-6.964614318290096584e+00,-9.243310290082844105e+00
-1.093136559792030305e+01,-1.141770143499822687e+01,-1.145601774155980834e+01,-9.993064028832970180e+00,-9.904190288850168500e+00,-1.042446706948441282e+01,-8.517907740183931153e+00,-1.069102149055096440e+01,-1.020902697582724983e+01
-1.333873767833537194e+01,-1.501787356948005403e+01,-1.460416698414864634e+01,-8.222223699767461369e+00,-8.530864047593910371e+00,-8.400443208257476257e+00,-1.018437728847636770e+01,-1.100579638587302078e+01,-6.683064831492405489e+00
-1.337811722400951986e+01,-1.376584275754605180e+01,-1.332659206031340204e+01,-1.182809189352039247e+01,-1.180028826548098309e+01,-1.174871604018693816e+01,-1.182383413457198529e+01,-1.136076072841082230e+01,-1.148560139999362484e+01
-1.166784179654920628e+01,-1.166460403501214138e+01,-1.175910122636705246e+01,-1.138036913500700997e+01,-1.163724168826117555e+01,-1.145090165269172999e+01,-1.177991894864428346e+01,-1.246001019385709441e+01,-1.082695345861415959e+01
-1.468669484141308423e+01,-1.250763821962076605e+01,-1.484582165833541723e+01,-1.220800876250006439e+01,-1.196179007936581762e+01,-1.320734192468021639e+01,-9.872807373717337853e+00,-1.167153786547517846e+01,-1.188661987478419668e+01
-1.158802320512465656e+01,-1.099569977134076559e+01,-1.603356960487043281e+01,-1.102056110922342036e+01,-1.073764486746749114e+01,-1.296662101087303576e+01,-1.070632244327916816e+01,-1.127350991621680620e+01,-1.051922670379883584e+01
-1.639775955886124237e+01,-1.638786236395186435e+01,-1.584079452210792738e+01,-1.519837064765292389e+01,-1.591603158521423289e+01,-1.509166411788874917e+01,-1.518847503200905003e+01,-1.525469270546999567e+01,-1.455515053604801068e+01
-5.255697398296985234e+00,-5.403730427477947629e+00,-5.150220763677284097e+00,-3.864855044339142953e+00,-3.963097874831974288e+00,-3.683776987531287350e+00,-3.977129040807856786e+00,-3.937250487953238842e+00,-4.162372432158169211e+00
-6.674317737226546754e+00,-6.655135330573948238e+00,-6.540620457794208420e+00,-5.338055559926212723e+00,-5.338372761820318502e+00,-5.347587915465904729e+00,-5.350758152894063535e+00,-5.338469003264945556e+00,-5.338749885236730108e+00
-8.137084250560713272e+00,-8.185605037314267918e+00,-7.671879179805323190e+00,-5.113875123885341267e+00,-4.606751472059384511e+00,-4.806897251113693592e+00,-4.954322167361541851e+00,-4.867890691339215259e+00,-5.776491124992984005e+00
-6.456098555304522257e+00,-6.308576601390882388e+00,-6.726880798129039718e+00,-5.157538719033122554e+00,-5.376935468323247314e+00,-5.417886564654162740e+00,-5.924043825705902933e+00,-5.575265645950755911e+00,-4.756514334496176666e+00
-9.386826053185272301e+00,-9.780982027962528136e+00,-9.925174060996445391e+00,-7.138392220040817193e+00,-6.854703549531995677e+00,-6.737037130750851865e+00,-6.654150562188573481e+00,-6.704939446972040251e+00,-5.909232557997098567e+00
-1.107172180107422932e+01,-9.100681365758974906e+00,-1.000711450177667494e+01,-5.952395477521832845e+00,-6.148060948568586426e+00,-4.970149766496770205e+00,-5.941393554359716944e+00,-5.262030147944689595e+00,-4.946739812475725806e+00
-8.119451123362292577e+00,-8.613315889244285373e+00,-1.012531284949173482e+01,-9.795875344151619757e+00,-8.761978063156130148e+00,-8.102266901113500452e+00,-7.175895088967834567e+00,-8.806590175196610915e+00,-8.222345645335698450e+00
-9.241279389719032622e+00,-9.407693890799395220e+00,-9.007891710329491985e+00,-8.270661660286478423e+00,-9.582404746089553171e+00,-9.964299649664287273e+00,-1.073701926524609007e+01,-7.970681071821506869e+00,-8.412377900752765925e+00
-1.445577160631341584e+01,-1.376004591256523746e+01,-1.359358366244410732e+01,-1.445833681960989381e+01,-1.496675909861494347e+01,-1.331556315751995356e+01,-1.481091490545809108e+01,-1.429833628677560853e+01,-1.411736503927039443e+01
-4.866592549320632344e+00,-4.931114415659437533e+00,-4.912793364150100039e+00,-5.361493273673182181e+00,-5.505330883766869299e+00,-4.990979493196337380e+00,-5.147637699372974218e+00,-5.477515975438083551e+00,-5.902968690383143091e+00
-5.969032518733837556e+00,-5.978688543084406781e+00,-5.981091189516976492e+00,-5.987914245431961824e+00,-6.486674581639528370e+00,-6.074136901636295605e+00,-6.397081347454890654e+00,-6.400601097322983435e+00,-6.166719890163228968e+00
-6.536308157271585095e+00,-4.997950156381274489e+00,-6.666462554324732004e+00,-6.757139707788830663e+00,-6.976077234749129552e+00,-6.895278534994289998e+00,-6.760609578081282045e+00,-7.219346045631098718e+00,-5.858436759349411105e+00
-6.162117898450909514e+00,-5.292064020974523331e+00,-7.393008582338962853e+00,-6.767065799716627694e+00,-7.276057846898233983e+00,-6.730240335962237808e+00,-5.680029369728368138e+00,-6.830411701188033646e+00,-7.386738556850798609e+00
-6.638342966014748825e+00,-7.453814306336010276e+00,-7.535306288838091504e+00,-7.707492442291052903e+00,-7.884570007968253691e+00,-7.749985578893642924e+00,-7.907990986626664665e+00,-7.849199952946635861e+00,-7.647492400188623307e+00
-4.794536064237598261e+00,-4.281002779773446676e+00,-4.579919201613024349e+00,-4.252259531567276873e+00,-4.502817344062698623e+00,-4.670892848854450996e+00,-4.459403425411791133e+00,-4.348660437913490995e+00,-4.431294980465848354e+00
-6.868415993905269801e+00,-7.236647988203191773e+00,-6.746821627570062319e+00,-1.109763720342787963e+01,-7.218555376309403471e+00,-8.895683678053398324e+00,-6.792462471376788713e+00,-1.155328429943928015e+01,-6.846147320074736697e+00
-7.722437693832077343e+00,-1.363750032072299057e+01,-7.607151920450214710e+00,-7.362923309927082549e+00,-7.822706002952046767e+00,-7.529172866214750570e+00,-8.601928857891248725e+00,-7.378900638241579379e+00,-7.333242315554669766e+00
-1.642539430717789628e+01,-1.408476854255276933e+01,-1.452487335901594889e+01,-1.568293093486695611e+01,-1.500929748189219914e+01,-1.404722181006048309e+01,-1.486320686552490145e+01,-1.409066618770032164e+01,-1.557787546227822872e+01
-1.734791459766578470e+01,-1.737634978518304862e+01,-1.738831976650089217e+01,-1.742536070800178649e+01,-1.734075352436871498e+01,-1.746519534961288755e+01,-1.739334682331229587e+01,-1.588225917061047809e+01,-1.722528659313140764e+01
-1.621206446679745738e+01,-1.621998842682383213e+01,-1.628134136295012624e+01,-1.624417870371184591e+01,-1.625219112154440992e+01,-1.619415980401032584e+01,-1.616934917027698759e+01,-1.505438113225135588e+01,-1.622746636353466343e+01
-1.252462874418748662e+01,-1.250667025681978473e+01,-1.249070322968766256e+01,-1.242548765940435551e+01,-1.225476331086012394e+01,-1.249128439410872105e+01,-1.263869886291607258e+01,-9.225402480534382832e+00,-1.222663854943205131e+01
-5.934228604177467226e+00,-5.905751313678366365e+00,-5.910408063978773718e+00,-5.929729193925503239e+00,-5.739827908952812585e+00,-5.666808306994166600e+00,-5.710790142104755773e+00,-3.250296570398207296e-01,-5.487819439447398473e+00
-1.203743002215409419e+00,-1.226379906443456180e+00,-1.219410401555380385e+00,-1.155477392831696148e+00,-1.118343157628148177e+00,-9.099157325008684349e-01,-9.143062640664064711e-01,-8.478514155996705881e-01,3.331200009410101970e+00
-6.052015232177800463e+00,-5.977672471462975423e+00,-5.956708397062244309e+00,-5.790413417214872460e+00,-5.798583863905917291e+00,-5.543956597000625486e+00,-5.322744845617116916e+00,-5.434032633680550894e+00,-3.583860987060295766e+00
-1.518453457821931529e+01,-1.511488257862916029e+01,-1.515524042291101736e+01,-1.510176917911362615e+01,-1.504193141615415108e+01,-1.505768170024819064e+01,-1.493863231808986569e+01,-1.494096379783480444e+01,-1.355010917610477073e+01
-1.679318085665644134e+01,-1.680311789336916561e+01,-1.680329384306785911e+01,-1.680438604217403409e+01,-1.680438142161857940e+01,-1.680901913997840680e+01,-1.680458979578362744e+01,-1.680278548383033410e+01,-1.661706764059659136e+01
-1.873678801466494903e+01,-1.873678709123039354e+01,-1.873679528207615874e+01,-1.873678127592845399e+01,-1.873935522863183678e+01,-1.873678303737449724e+01,-1.873126723540297078e+01,-1.870497871553020985e+01,-1.873679198162275839e+01
2.186590721387989156e+00,2.255990567035675909e+00,2.190623050028317476e+00,2.401041624703743160e+00,2.526176933556741666e+00,2.294632565404635116e+00,3.110033881496442554e+00,2.529601118922971459e+00,2.266779439842063315e+00
3.740872982250769585e+00,3.369192467634453347e+00,3.462595834262740091e+00,3.624833166179178612e+00,3.985621969696000022e+00,3.830391405954798767e+00,4.775021926718218346e+00,3.876792393297593176e+00,4.304126864164365962e+00
9.101353767201434408e+00,9.187360555714652932e+00,9.361676953057083139e+00,9.280192997558666335e+00,9.200308349805348840e+00,9.449613719526135824e+00,9.872428139681773018e+00,1.059908289976663731e+01,9.691324364649370082e+00
1.179414867955537183e+01,1.184174834284417521e+01,1.185704078307762543e+01,1.203730670582594264e+01,1.195810024057179710e+01,1.208084214300153469e+01,1.238489783787808562e+01,1.317896485347554858e+01,1.230539280301593408e+01
1.343104049792511212e+01,1.341859811091264376e+01,1.346140766710047032e+01,1.351487984491054029e+01,1.355062609727092671e+01,1.363490382875231610e+01,1.383154889683439137e+01,1.385329704127778250e+01,1.440062061205290078e+01
1.055770341561758663e+01,1.056150768430791231e+01,1.058683711491557844e+01,1.065795722126168776e+01,1.073289838344498648e+01,1.087874691904224633e+01,1.096572395761061713e+01,1.102574657554771420e+01,1.196805462099879591e+01
4.875831511663889728e+00,5.064692090501936583e+00,5.217829638172100992e+00,5.055410117035538775e+00,5.085834802581649328e+00,5.225688851613544905e+00,5.007165536463316080e+00,4.925369437245588067e+00,5.817099526364820861e+00
-1.884142336179298161e+00,-2.726116161907292224e+00,-2.536587754923547600e+00,-1.561644573307851891e+00,-2.072900117204963699e+00,-1.528387210375075078e+00,-1.508837612002782214e+00,-2.028840941147784793e+00,-5.499840298112693704e-01
-6.209588596875430078e+00,-6.386989570670857042e+00,-7.012458338179224704e+00,-6.086239337401511129e+00,-6.271075064493945028e+00,-6.256892806196129087e+00,-5.520263337587297592e+00,-5.943919739651644996e+00,-4.843154987075889650e+00
3.222948505518567153e+00,3.187646392191736844e+00,3.335723740027833006e+00,4.696893854349711184e+00,4.763699522043812529e+00,5.092089815882823167e+00,4.330198235983215405e+00,4.798604196379359088e+00,4.691267483988471376e+00
5.643790197693848931e+00,5.469451619674381426e+00,5.785470440274640858e+00,7.748337722020150586e+00,7.722853629264392339e+00,7.788707976808606936e+00,8.067787911713644178e+00,7.573603419815057691e+00,7.741275395748144383e+00
1.135403677564636737e+01,1.130558389303408084e+01,1.135651151218368859e+01,1.267787403048468775e+01,1.269497517534180098e+01,1.262365421890371486e+01,1.282558936008527972e+01,1.254635389437887483e+01,1.264092353681428094e+01
1.343835094225928195e+01,1.341651321310989964e+01,1.342968147997884287e+01,1.456764385767479908e+01,1.401262747401474762e+01,1.464031518815851385e+01,1.451945995408746448e+01,1.446183268539767575e+01,1.415840911808445135e+01
1.472238521086693908e+01,1.468139080557761211e+01,1.469502892269035677e+01,1.590323574555272934e+01,1.591879996573599598e+01,1.593614993000350566e+01,1.581756108682269435e+01,1.580280054211798380e+01,1.599947573084675767e+01
1.243517445452940073e+01,1.240985812853784331e+01,1.237733213358891327e+01,1.391161648061650347e+01,1.392978901686842796e+01,1.391626953408210099e+01,1.378004777159563332e+01,1.381118482545052117e+01,1.427683279090052793e+01
7.896657198169123149e+00,7.588945986899844343e+00,7.397774094975723358e+00,7.852294687394131500e+00,7.994268502727252645e+00,7.855493716500285828e+00,7.687904950309630614e+00,8.264856292286232531e+00,8.551763848298772785e+00
1.336770796719399357e+00,8.559162417097962994e-01,1.827688036900456670e+00,2.062094881208325514e+00,2.541181874674809826e+00,1.975055705254827210e+00,2.140378582556733189e+00,1.751039683166438543e+00,3.163979176023588913e+00
-4.144271403949954191e+00,-5.258192599422538471e+00,-5.145631372035801121e+00,-3.844417896964020365e+00,-4.014886266165676787e+00,-3.365381058570191986e+00,-3.957442809669336370e+00,-3.755462440016049008e+00,-3.680999499580321022e+00
3.710231127510471794e+00,3.045543116704356734e+00,2.992849243150662364e+00,2.667515736498160539e+00,2.616683594499946253e+00,2.867651453336366174e+00,2.641607046361686972e+00,2.490015301348069254e+00,2.572583207605702693e+00
6.455715157965280504e+00,6.975523289819741457e+00,7.683337837583486873e+00,6.367462812380368042e+00,6.465017032193093094e+00,6.146816005111094938e+00,6.547285533799374946e+00,6.333872485100741301e+00,6.541693336895036737e+00
1.180571944399756390e+01,1.159491385808220798e+01,1.158627389707963040e+01,1.104520097463272954e+01,1.088989206718699876e+01,1.092206254894024653e+01,1.071173319078144992e+01,1.075011952306656760e+01,1.084387878307899733e+01
1.365428273359143496e+01,1.343548315885404598e+01,1.311131192448658211e+01,1.286084338444440078e+01,1.290458929928857224e+01,1.283700579882563630e+01,1.280047694340008491e+01,1.285840351441276219e+01,1.269263799910142332e+01
1.515113908158802936e+01,1.510662121829122739e+01,1.525085217586916286e+01,1.465425738977911152e+01,1.464242200924169524e+01,1.478266445109823657e+01,1.454241496656098143e+01,1.451158914159444357e+01,1.451348146172175824e+01
1.295099438484817256e+01,1.323536776071490628e+01,1.293141718236542204e+01,1.223649201990351010e+01,1.245717201898267135e+01,1.283809001591865417e+01,1.247887590422999615e+01,1.235955197384977389e+01,1.252967360667852148e+01
6.918941374849459258e+00,7.060860550531123714e+00,7.212008825479742313e+00,7.318260935552950208e+00,7.494264470106068998e+00,7.903649480034368402e+00,7.549335545741771014e+00,6.967812779830826919e+00,7.426977216885781274e+00
1.032966730517505649e+00,1.197076903839360718e+00,2.450437148803011222e+00,6.449461618404055407e-01,1.356666086593729670e+00,1.235158312331039010e+00,8.798447961626802982e-01,2.990010586393400338e+00,1.027774377067911749e+00
-6.631152331941448708e+00,-6.051434148688965564e+00,-4.415680677392598064e+00,-5.342691243501763942e+00,-5.347722079339463974e+00,-5.808402079381551175e+00,-7.892823977021020454e+00,-5.324083435564019418e+00,-7.179744823360255879e+00
-5.992563201912908255e+00,-5.993072222225793944e+00,-5.995394258722766878e+00,-5.990878669654195576e+00,-5.992013417653752505e+00,-5.991058693569759619e+00,-5.962297300643228937e+00,-5.992488175763377889e+00,-5.990619209544600032e+00
-4.337117633420835006e+00,-4.341602742941560678e+00,-4.336431429918958358e+00,-4.329357406217281046e+00,-4.325452172052220767e+00,-4.333956043861746821e+00,-3.997992403622437685e+00,-4.309084893488411616e+00,-4.310736327850053229e+00
-8.003623129744649178e-01,-8.066563788488418929e-01,-8.116126710851473414e-01,-7.627576188231492971e-01,-7.443554300643177024e-01,-7.389576413359391083e-01,2.058755280825906198e+00,-4.717902431856388357e-01,-5.220400852850872742e-01
3.645181571333294013e+00,3.686829407487516530e+00,3.655174952483499329e+00,3.766840170218773931e+00,3.749764683535898424e+00,3.776442398929697131e+00,7.304580402275062667e+00,4.133027133332810799e+00,4.123371921953824959e+00
5.043999832383880388e+00,5.044015419146945511e+00,5.043998289461320894e+00,5.044001202689611496e+00,5.044005191897549700e+00,5.044005988374587801e+00,5.045459372816609722e+00,5.044011714443630723e+00,5.044020399953293321e+00
3.557953398759362784e+00,3.594640786640649122e+00,3.587178828819719278e+00,3.638038627454112550e+00,3.649651916139073915e+00,3.699173434143705474e+00,3.949113271809487014e+00,4.063620667026992983e+00,7.324984314582879463e+00
-1.273108098245968156e+00,-1.281811123183544510e+00,-1.222608254266441818e+00,-1.106188038138440577e+00,-1.151387783795036368e+00,-1.120983393371958181e+00,-8.397708835937237604e-01,-8.933664802872999244e-01,1.402992124675909724e-01
-4.042973110832021710e+00,-4.049043644433781175e+00,-4.018771169915644315e+00,-4.029673932563678562e+00,-4.041994268478506847e+00,-4.030358184792844689e+00,-3.988622078869563659e+00,-3.899052180709256188e+00,-3.180237930930654766e+00
-5.711655482630648706e+00,-5.722961691580492172e+00,-5.729189346179602182e+00,-5.743321047635457255e+00,-5.707511487486245372e+00,-5.735397192159588542e+00,-5.698192737684316000e+00,-5.734345985843396498e+00,-5.586595959293360281e+00
7.837461050877994495e+00,8.057561798255836294e+00,7.965585467008976295e+00,8.098241571868859623e+00,7.920529512552103135e+00,7.957022281906671601e+00,8.393813416514596781e+00,8.388624380083932408e+00,7.957668522381101006e+00
1.176146738340722919e+01,1.150144918470513566e+01,1.141145167913284908e+01,1.169805958417468972e+01,1.172570657053949184e+01,1.174327165534184836e+01,1.272670933223720091e+01,1.175777115865205857e+01,1.202282922830925926e+01
1.428000751555367565e+01,1.428193860969008000e+01,1.429372585801912265e+01,1.433373645331291613e+01,1.437332360904931505e+01,1.439033780955590203e+01,1.559933492255792586e+01,1.470429877593004697e+01,1.467906907882687406e+01
1.564455503797078251e+01,1.564343139772045355e+01,1.564462921260940220e+01,1.572063143939831775e+01,1.570382645213805617e+01,1.569928515596705054e+01,1.632506459033015389e+01,1.600953866736347209e+01,1.599435223650304927e+01
1.702145171877845087e+01,1.701968518396926200e+01,1.702040032072181930e+01,1.704894321125276946e+01,1.708354405945695831e+01,1.704210061566357837e+01,1.737224317512625404e+01,1.743490309474638522e+01,1.736602775083359518e+01
1.571720856222458274e+01,1.570869084348830214e+01,1.571299740884053797e+01,1.576055906063818135e+01,1.576719855588599906e+01,1.578666144001788219e+01,1.603592605606375798e+01,1.604992346064645403e+01,1.654746322643996237e+01
1.341228743384036370e+01,1.339585275054954039e+01,1.337830669050643273e+01,1.348278479285575493e+01,1.347613074057610483e+01,1.343022504504954107e+01,1.371699878570584019e+01,1.371400212417353437e+01,1.438914235192753388e+01
1.022850504209214861e+01,1.046782745463885611e+01,1.038075313585823167e+01,1.030730211190272527e+01,9.693415182740015013e+00,9.836408282010605575e+00,1.047860104829432260e+01,1.033015617318526758e+01,1.126386583797789065e+01
5.901723175179652614e+00,5.426662119532962514e+00,4.074341128562988246e+00,3.590617439989454596e+00,4.010649166297547197e+00,4.313472796898431660e+00,7.187471370369506118e+00,4.430461248073520153e+00,3.598618920155844947e+00
8.580350614463643666e+00,8.562424034743852275e+00,8.536490500488911337e+00,9.403027116802746832e+00,9.356274586269513804e+00,9.349464273561331140e+00,9.402266503769817874e+00,9.354136099690011363e+00,9.394576827169165867e+00
1.294311989985364164e+01,1.293132266515242890e+01,1.299551348780371107e+01,1.479880211670594825e+01,1.463356315103410488e+01,1.447932383738932316e+01,1.409375786383735907e+01,1.449017665271537503e+01,1.461781957518367570e+01
1.556345501700150713e+01,1.556279570475767038e+01,1.556660668217620369e+01,1.673020452276697512e+01,1.657750760119644085e+01,1.658648985734933134e+01,1.640803779798428508e+01,1.655375962256913880e+01,1.655880432940909230e+01
1.683930040908533954e+01,1.683844435073111967e+01,1.684787225118270015e+01,1.770389871120179137e+01,1.770189358056749640e+01,1.770470344455783973e+01,1.770801859149639057e+01,1.762334268271949256e+01,1.762569100741645656e+01
1.763143010188211690e+01,1.763089360329612987e+01,1.763574004848507215e+01,1.865989194874806500e+01,1.867992905370683232e+01,1.865689952528692430e+01,1.866176432623617742e+01,1.866206747953832235e+01,1.866244308582708555e+01
1.703908753964295997e+01,1.704594921834496191e+01,1.704421749918256523e+01,1.800006353659766134e+01,1.800623538822080150e+01,1.801960163114835822e+01,1.791925034339267953e+01,1.792630795225215223e+01,1.804527769067060206e+01
1.510354687126616469e+01,1.513863313757862983e+01,1.511426916757778116e+01,1.627317841647156982e+01,1.625641525360652651e+01,1.627315098947673278e+01,1.616275042839292198e+01,1.613306856383936250e+01,1.635679741919755514e+01
1.241143825713914239e+01,1.272994381452098267e+01,1.226156934223998363e+01,1.392673066320245567e+01,1.312654223600592118e+01,1.359753750362481561e+01,1.359335962899936057e+01,1.380976295222739481e+01,1.418925444172998063e+01
6.860963336191067796e+00,7.377079236780965665e+00,7.218798174276368940e+00,8.431328040042346927e+00,8.086511952450758045e+00,8.510274956759364073e+00,8.039929227457820460e+00,7.176395153127708149e+00,6.073868497842911829e+00
7.970349909008414890e+00,8.729312364932553692e+00,7.956816733677928966e+00,6.020783822891464077e+00,8.024220028676058547e+00,7.584509952605520411e+00,8.203628751991701051e+00,7.835815282540488091e+00,8.073460487288922849e+00
1.334220062042984090e+01,1.305423994318826075e+01,1.305091890223120288e+01,1.285029403256578995e+01,1.285052335496234299e+01,1.293937921147611014e+01,1.303141088262918323e+01,1.309537841229305677e+01,1.299311039583394667e+01
1.563711235108111453e+01,1.492475608244962260e+01,1.542626866593154844e+01,1.495373956245856739e+01,1.488183887045386022e+01,1.489042815309671930e+01,1.487858211738303282e+01,1.483292299977295237e+01,1.485057274188075915e+01
1.699587514051490089e+01,1.708661757677558413e+01,1.699056106534696298e+01,1.655665321950062818e+01,1.644359182428530630e+01,1.642751324980662986e+01,1.643949235698831401e+01,1.640243514290034454e+01,1.640498731494382412e+01
1.763417229971357969e+01,1.792539398837848452e+01,1.768058734895192785e+01,1.720047751483669529e+01,1.714042345735941453e+01,1.720713212642277057e+01,1.708892137232292185e+01,1.709127697038897864e+01,1.708965461298878807e+01
1.707614928579022973e+01,1.727926323391542951e+01,1.739894023028330139e+01,1.672420204293564439e+01,1.674082792871628911e+01,1.687968849243011604e+01,1.669873577628833061e+01,1.669385618262134940e+01,1.673868454393267768e+01
1.550874136689432525e+01,1.549100677361916745e+01,1.564589094601943842e+01,1.496373503514660364e+01,1.491220118430946329e+01,1.507198255688407151e+01,1.497631769728756446e+01,1.495104313918415428e+01,1.496361103093632927e+01
1.277749830641049655e+01,1.343458445152994685e+01,1.222553144805642589e+01,1.263499076130985976e+01,1.289698945120837692e+01,1.276571937941866963e+01,1.086905559491490436e+01,1.263410430690523256e+01,1.267927900243422989e+01
2.471227915203255243e+00,-2.499999999999999445e-02,8.021821531829010254e+00,0.000000000000000000e+00,0.000000000000000000e+00,0.000000000000000000e+00,0.000000000000000000e+00,0.000000000000000000e+00,-2.499999999999999445e-02
-1.913842044310251467e+01,-1.913811428988950780e+01,-1.912941188327484454e+01,-1.913128667080615841e+01,-1.913221820741945223e+01,-1.913533579380635530e+01,-1.907296383772029458e+01,-1.911741359893501979e+01,-1.912876178379576331e+01
-1.734399470508695629e+01,-1.734588762368215598e+01,-1.734208017549167380e+01,-1.733803804555526540e+01,-1.733178908185267986e+01,-1.734240680465688556e+01,-1.707722646204969053e+01,-1.731278932621690103e+01,-1.730743760577088253e+01
-1.529699419485359968e+01,-1.531954972302302487e+01,-1.526178557597124019e+01,-1.527246043637039463e+01,-1.525321937923227900e+01,-1.524997572188243744e+01,-1.411679017002094660e+01,-1.517700006137576452e+01,-1.508100574790116610e+01
-6.841615318030894066e+00,-6.804661796043579791e+00,-6.767172109481129461e+00,-6.453106212949156095e+00,-6.743819871479017181e+00,-6.657739995333256111e+00,-4.427688227801655607e+00,-6.300412581244692944e+00,-6.292344617261926842e+00
-3.341750938219907874e-01,-2.855617000875968481e-01,-3.523248978951165067e-01,-9.751718808973133812e-02,-2.513344907064140599e-01,-2.855835645023989677e-01,4.249321970786665403e+00,-5.464888380966118064e-02,-6.432483987232213984e-02
-5.267022829809638651e+00,-5.203908094169432452e+00,-5.317666610420190842e+00,-4.988936521747638686e+00,-5.130925964996284172e+00,-5.266296458037965422e+00,-3.712476785804445178e+00,-4.931206701376807722e+00,-5.175767539717102572e+00
-1.016129919292195183e+01,-1.012312466367629860e+01,-1.016837923887579720e+01,-1.000913049244460673e+01,-9.983392811669327571e+00,-1.042863625906853819e+01,-9.920942489508894013e+00,-9.700101533685215216e+00,-9.347351460533356970e+00
-1.534478165412770245e+01,-1.537231882092030233e+01,-1.533328921247745136e+01,-1.538479477020070085e+01,-1.542246811007615648e+01,-1.541030508476244343e+01,-1.533705117937143569e+01,-1.524201488442671604e+01,-1.422526644466042178e+01
-1.717707494167513360e+01,-1.714993957943434211e+01,-1.715148418314374723e+01,-1.715130105423621742e+01,-1.715210593684471974e+01,-1.715229343249272986e+01,-1.715129874025019063e+01,-1.710018839181658734e+01,-1.678627642708055134e+01
-4.992586310318840148e+00,-5.704471078249604865e+00,-5.149327019623549440e+00,-5.072681840799774911e+00,-5.382598060500219717e+00,-5.184886437148660043e+00,-4.025023164247586216e+00,-5.624476597544224354e+00,-5.188573058264845272e+00
-3.411921191269683407e-01,2.665412408450225090e-01,-2.702243053430887776e-01,4.572086411220382951e-01,5.565275076498614748e-01,9.423449932341343427e-01,3.424969061572985307e+00,1.108918134256580909e-02,9.020634419987572095e-01
5.089309138644292574e+00,5.151641552931601531e+00,5.159310350005828383e+00,5.186147349663496442e+00,5.128683726111529673e+00,5.273723950094467483e+00,6.776011222021679714e+00,4.994389189347951508e+00,5.277008481583252753e+00
1.063755343073722948e+01,1.055769187805903719e+01,1.063385262011039423e+01,1.077164573206599663e+01,1.069724321619384533e+01,1.070040161213569974e+01,1.203081807102932821e+01,1.097248091560622640e+01,1.102396809591117766e+01
1.394798851865069267e+01,1.394109348930706638e+01,1.395721878053945808e+01,1.419395240565366478e+01,1.404730474423928577e+01,1.404197725706182531e+01,1.495599996473631244e+01,1.441072292217233652e+01,1.437282533597191936e+01
1.213660766773151600e+01,1.227902269111295652e+01,1.214548420794636385e+01,1.224351878235780866e+01,1.238275087509342853e+01,1.221414556578115551e+01,1.293840301484273070e+01,1.244146741984170035e+01,1.246074299091087489e+01
8.247129032454202147e+00,8.066791644141487083e+00,8.287935063555041282e+00,8.541030291600392843e+00,8.161618341662531861e+00,8.227320299581602825e+00,9.035568634420618750e+00,7.553622056494698533e+00,7.659385639061564888e+00
5.284161268924156829e+00,5.096944749041293576e+00,3.721950282265866328e+00,3.776965990096540438e+00,4.717107292662936935e+00,5.716619772261274157e+00,5.065498500378108560e+00,5.874673232273076806e+00,6.717573716107864357e+00
1.063032283595525262e+00,5.123050726536431121e-01,1.213589751607544454e+00,1.886047688618476936e+00,9.994788667341283350e-01,2.898588978015844697e-01,1.489559859635846806e+00,1.989203315789285220e+00,2.217445032869273636e+00
-3.443561171631034590e+00,-3.167321870082312252e+00,-3.800995081223851102e+00,-2.617927982815219323e+00,-2.793407331056734222e+00,-2.777489769259657848e+00,-2.573696431793575101e+00,-2.750363146384078750e+00,-2.780498128523919643e+00
3.599636625228744169e+00,3.923412145775740711e+00,3.950461774736040876e+00,6.087127644699283913e+00,5.904251514152421443e+00,5.974130613901262876e+00,4.919197049762892071e+00,5.812528340372341340e+00,5.796915729767742498e+00
7.358042038948676478e+00,7.175855695375574328e+00,7.036522147197140420e+00,9.842985627142263994e+00,9.290658393866094045e+00,9.311830910011140716e+00,7.462040962193889015e+00,9.243406946931056467e+00,9.179939165913491905e+00
1.243658270266560883e+01,1.263702846075349839e+01,1.257853844745217486e+01,1.437741324122528219e+01,1.414256730997523626e+01,1.426700137987871031e+01,1.467985622293152481e+01,1.411260079351435692e+01,1.409002623180547609e+01
1.520608164530097639e+01,1.517268421048426852e+01,1.519347205943947543e+01,1.665760681024620382e+01,1.651267509422865842e+01,1.648266169811395443e+01,1.671295144112203346e+01,1.646840212232069334e+01,1.646099552336227489e+01
1.357112477343258305e+01,1.356916620806475926e+01,1.344084477267944955e+01,1.448650851233450254e+01,1.447759005473057847e+01,1.447618371308079510e+01,1.448805980646572955e+01,1.448406014754942284e+01,1.447194059180901426e+01
9.536397195672002169e+00,9.457310201427681307e+00,9.407162485632179383e+00,1.048282878817718355e+01,1.052897850376839983e+01,1.052822541553066316e+01,1.048864810426997529e+01,1.040503425667823123e+01,1.053102356345689650e+01
7.071207919773748962e+00,7.218796730595265387e+00,6.712619880792542126e+00,8.199177368695586665e+00,8.021012194726578670e+00,8.303635679912719780e+00,7.957318734004665828e+00,7.711261683919867771e+00,8.348125173303580837e+00
3.264796221631159234e+00,2.141601877165241863e+00,3.223283927453858499e+00,3.997845478564043820e+00,4.211629455832251345e+00,3.908204311306192391e+00,3.813941522948714358e+00,3.770182945895820037e+00,3.838256228811816051e+00
-3.595932428269354997e+00,-3.632799994831462431e+00,-3.278338419761691380e+00,-4.220662222024173182e+00,-3.348503192664409767e+00,-3.381535272765553213e+00,-3.424941816773420022e+00,-3.444975782068368186e+00,-4.240093388770826088e+00
3.334695295929231751e+00,4.923767692450197409e+00,2.991983903611233231e+00,3.605233464029325319e+00,2.773382464167783112e+00,2.850658288231743054e+00,3.393593874337041072e+00,3.307083638583268037e+00,3.379131924534333198e+00
6.114730017784620664e+00,7.391512335493662711e+00,6.606033257551883864e+00,6.433008599970099439e+00,6.184041259066013652e+00,6.579197303092067628e+00,6.317756830196138651e+00,6.787653771120872648e+00,6.721923900445537114e+00
1.370448849351469356e+01,1.261548146006031423e+01,1.325107967704476941e+01,1.302859373051806102e+01,1.263183768532127083e+01,1.266886120775483171e+01,1.279217011285196470e+01,1.268327252599553923e+01,1.261022925235194414e+01
1.588516156635896870e+01,1.576351008609281479e+01,1.579400814932500552e+01,1.548881632891694871e+01,1.525009656670404290e+01,1.518496945391010300e+01,1.517320324513048213e+01,1.508762038125574989e+01,1.504516599652240672e+01
1.370733905512113360e+01,1.361332116945106918e+01,1.373117354993606654e+01,1.338658530495228938e+01,1.310826476677585006e+01,1.331647223995618035e+01,1.340351554990463967e+01,1.290759778386687273e+01,1.323671660669631045e+01
9.894488881076595632e+00,9.576538185633495459e+00,9.651197547861654513e+00,9.696373800940104815e+00,9.476712304986442348e+00,9.273254996298964770e+00,9.467881076997564094e+00,9.227825944807118930e+00,9.321435400594296539e+00
7.249046410868602131e+00,6.879832792987216727e+00,7.530034419924668043e+00,6.438651444879424979e+00,6.749157891025859612e+00,6.495258934351060276e+00,6.955612514807199886e+00,6.348110056305690918e+00,6.448678067665852609e+00
3.221622981129716123e+00,2.216287179367472326e+00,9.258625304044274529e-01,1.007771708742129402e+00,-3.583333333333333925e-01,1.038054815924926766e+00,0.000000000000000000e+00,2.474035842602799740e-01,0.000000000000000000e+00
-3.236375440138849768e+01,-3.235317892732621203e+01,-3.235650041170444524e+01,-3.235219149029916963e+01,-3.235361325928857212e+01,-3.235632414090951414e+01,-3.217445404490577943e+01,-3.234303576712772355e+01,-3.234786681724349933e+01
-3.020741911319302275e+01,-3.020239491346820770e+01,-3.020171669947341897e+01,-3.020563393408119524e+01,-3.018999317178445452e+01,-3.021492586694360583e+01,-3.001992714335998258e+01,-3.019304248910274069e+01,-3.019203004116146261e+01
-2.827309470993875351e+01,-2.825695789222343279e+01,-2.827484944872671591e+01,-2.825209832343209371e+01,-2.823642111841009950e+01,-2.824740809886878878e+01,-2.788242160274071324e+01,-2.821871324700634887e+01,-2.822359658963536333e+01
-2.679322020428290330e+01,-2.679276434359811532e+01,-2.679376458955782070e+01,-2.678737719217590652e+01,-2.679993693593542758e+01,-2.678381234148793055e+01,-2.655346838298647327e+01,-2.678123881231331893e+01,-2.680051538727686022e+01
-2.567925932197779915e+01,-2.568024730392122024e+01,-2.567467213448082930e+01,-2.568700314507210081e+01,-2.567503839058683113e+01,-2.566431093255565088e+01,-2.520482694023150572e+01,-2.561383067894043108e+01,-2.562207264517728689e+01
-2.635440643201012278e+01,-2.636282640886823359e+01,-2.635492384119854847e+01,-2.636249493425524548e+01,-2.634385889997793129e+01,-2.631296573235611191e+01,-2.627602204962603594e+01,-2.627823574026879783e+01,-2.576025669190276801e+01
-2.703630231615526824e+01,-2.702703762991050240e+01,-2.703673096266895470e+01,-2.703471517117834821e+01,-2.703267178967610818e+01,-2.700352675851480555e+01,-2.677333358713388023e+01,-2.608422093760801275e+01,-2.695653712842300820e+01
-2.679475152926970338e+01,-2.680097277105117115e+01,-2.681087515587035952e+01,-2.680551334767056915e+01,-2.674760086412448956e+01,-2.679366014324659773e+01,-2.615234179603867659e+01,-2.664460325776819971e+01,-2.668763159828833409e+01
-2.852584006632464408e+01,-2.852343615346560313e+01,-2.852377871806528731e+01,-2.852686413007376487e+01,-2.850978249816802901e+01,-2.853334533143291196e+01,-2.841425645774438991e+01,-2.852322252877358721e+01,-2.685860693145403033e+01
-2.192407542756438232e+01,-2.146823866319793339e+01,-2.202654811777861710e+01,-2.183874102115719040e+01,-2.127513724872027723e+01,-2.118569504633964229e+01,-2.072830927462603867e+01,-2.120272399376615269e+01,-2.140611306720077778e+01
-1.402898769472320772e+01,-1.261467949938030486e+01,-1.306903023348892390e+01,-1.320687145056225908e+01,-1.298153599442674988e+01,-1.296711439247340358e+01,-1.243813399117735763e+01,-1.276901056375538346e+01,-1.294263566266197607e+01
-9.873904514681784761e+00,-1.038093299474686049e+01,-1.001404945723543705e+01,-9.913287447528821517e+00,-9.932563890603384849e+00,-9.844288161564403339e+00,-8.767559473788814728e+00,-9.848053485538306617e+00,-9.766217411595901510e+00
-7.840650505532070547e+00,-7.439700738899383659e+00,-9.355736516617128018e+00,-7.818272303732996420e+00,-7.837759160350274534e+00,-7.910672754225544168e+00,-5.593622359099192920e+00,-8.141541867799935162e+00,-8.021738215560393570e+00
-7.814426562347120964e+00,-7.805305442763722290e+00,-7.614949773179752412e+00,-7.482823573456542476e+00,-7.540536172301141704e+00,-7.317395236332787434e+00,-7.484135421108058850e+00,-5.143714191837638339e+00,-7.599784782977658359e+00
-8.393586499243308907e+00,-8.325417623732718653e+00,-1.373582969768867024e+01,-7.323637267865528599e+00,-7.002427532424528422e+00,-8.170286943032118998e+00,-7.042435197940800862e+00,-3.964745825821234693e+00,-6.774962645162043273e+00
-1.096946450590404787e+01,-6.431963486632859883e+00,-7.193489118983464436e+00,-6.801392736989950727e+00,-7.287670199096460522e+00,-6.698089413897827527e+00,-2.915536603336869703e+00,-6.668261609732735629e+00,-7.153313071708845783e+00
-6.081192817417766960e+00,-4.871116738759597276e+00,-4.635886217656692843e+00,-4.879917491499428550e+00,-5.146219147006559247e+00,-4.770136336792559995e+00,-5.119984423177815103e+00,-5.235298087094383490e+00,-2.939194906357416759e+00
-7.247584458968139742e+00,-6.355110378269226423e+00,-8.402240446413125952e+00,-6.937322037945778952e+00,-6.753044069192602805e+00,-6.642341916230745547e+00,-6.273365338181306150e+00,-5.981450426063360304e+00,-6.456314509992553852e+00
-2.020337930682611827e+01,-2.011855075756253441e+01,-1.998923172820951422e+01,-2.042187191058226503e+01,-1.992407759131172540e+01,-2.002135447453916584e+01,-1.898496287626226575e+01,-2.036407086915072639e+01,-2.017835989559498344e+01
-1.175466276393430931e+01,-1.184028742773676868e+01,-1.192960536468757837e+01,-1.131426386227188985e+01,-1.119786154597087346e+01,-1.119631783813846759e+01,-1.013328970433050458e+01,-1.181915786276591440e+01,-1.145584778518962210e+01
-8.471914163965289291e+00,-7.934634656408773523e+00,-7.459917571544710135e+00,-7.376260373279130533e+00,-7.374032789534758159e+00,-6.902784284658607383e+00,-6.319075172538849650e+00,-7.500682114448515847e+00,-6.857307916517972224e+00
-5.336874900581051406e+00,-4.871041481268025386e+00,-5.211432959304147516e+00,-4.963323616877806543e+00,-4.886651083410151308e+00,-3.989220381513534530e+00,-2.796413574724506912e+00,-4.963654047587480633e+00,-4.518149257991781909e+00
-3.769038871046819672e+00,-4.242779137568898129e+00,-4.179337528182253791e+00,-1.969029619547209453e+00,-3.637452225967357844e+00,-2.731271074897954954e+00,-1.720027884475357149e+00,-2.810431135310516915e+00,-3.846821196404451193e+00
-3.196870222644064174e+00,-2.233093202978828629e+00,-1.701968676229476118e+00,-1.869778467388719445e+00,-1.817895094553404700e+00,-1.195675413390032471e+00,-8.501363690117063054e-01,-2.115272309543691609e+00,-2.227471527120240768e+00
-2.506322093768990733e+00,-2.124548909641336358e+00,-2.957844878498463448e+00,-1.193610133391244998e+00,-2.140235105980724306e+00,-2.340392411772553860e+00,-1.168614929159520477e+00,-1.304840226874388387e+00,-1.966332351434985970e+00
-1.791831057392414106e+00,-3.562285284422820553e+00,-1.587456354837738060e+00,-3.536696763015181322e+00,-2.206111702271528863e+00,-2.585925324605736098e+00,-2.384033063586439738e+00,-1.400562186709868984e+00,-2.231747810089038442e+00
-5.046508436413670751e+00,-5.344781426630005328e+00,-5.951591857233879068e+00,-4.090836839760749299e+00,-3.944346535789128971e+00,-3.992535008670416108e+00,-3.333970596181439650e+00,-3.717029034568249291e+00,-4.098084542404444974e+00
-1.928579987770546111e+01,-2.179862880912120815e+01,-2.178066788116040442e+01,-2.072348602292023045e+01,-2.115384394501855425e+01,-2.272914103042633727e+01,-2.177613159051827196e+01,-2.224746223097721298e+01,-2.146367118178437039e+01
-1.232761633261024947e+01,-1.231547557709881602e+01,-1.077628826016272079e+01,-1.143606258436135370e+01,-1.195097236156546039e+01,-1.156188312837015175e+01,-1.146857965187269102e+01,-1.248005845349014287e+01,-1.288585837739759477e+01
-7.033378945225005729e+00,-8.474957832731234930e+00,-6.917748254287045206e+00,-7.914849983351825102e+00,-8.353933025935557311e+00,-8.413863276021446680e+00,-7.866904210348126369e+00,-7.775971202542655725e+00,-8.275777996277952298e+00
-3.660714636217688334e+00,-4.828612044716873442e+00,-5.516546565908402755e+00,-4.486853785988367704e+00,-6.752765528188099609e+00,-6.332006132529731879e+00,-6.886062324105848731e+00,-6.169590562212919238e+00,-5.505950188502805709e+00
-2.178076125690494358e+00,-2.962745282926772639e+00,-3.617640274804874156e+00,-3.742745373567852418e+00,-4.961715088074218905e+00,-4.087066334492315711e+00,-3.745417808248136637e+00,-3.524323418835101140e+00,-3.874884615667549603e+00
-2.533883427093215790e+00,-1.467737975842831277e+00,-4.304737099540560941e+00,-3.348571162189461159e+00,-3.668027788210274309e+00,-3.718188343384514649e+00,-5.107873667998801714e+00,-2.894873595432494451e+00,-4.445875085875500510e+00
-2.987589761876122463e+00,-1.893690588565272392e+00,-1.619061524227197291e+00,-3.580122406064253582e+00,-3.257134012615206409e+00,-2.986506078416648169e+00,-3.215510941218468588e+00,-2.312909008721731663e+00,-2.990952616498649963e+00
-3.545649808929228097e+00,-3.409569530992337061e+00,-2.178519208100732296e+00,-2.911727129655687918e+00,-2.652808351338016735e+00,-3.908249046805734928e+00,-3.438733208550746490e+00,-3.614103399254805282e+00,-3.287353140798441764e+00
-4.162105679040172923e+00,-4.174061957630762265e+00,-4.609364867553263245e+00,-4.825237832963319207e+00,-5.021225724480986585e+00,-4.927996728084286460e+00,-4.786909132653563326e+00,-4.659093925977408013e+00,-4.806283653514298315e+00
-5.210249276803721585e+01,-5.210440698460489273e+01,-5.210472761360437488e+01,-5.210367216517069267e+01,-5.210511160306763401e+01,-5.210640653157906854e+01,-5.210099287749188335e+01,-5.205644840720582067e+01,-5.210042913469614234e+01
-4.937193018465777783e+01,-4.937314412799516106e+01,-4.938607185814043277e+01,-4.937148970758857303e+01,-4.937367666282725764e+01,-4.937138510415977777e+01,-4.913360773199526932e+01,-4.939254678264655496e+01,-4.937340003496444751e+01
-4.733071477530609883e+01,-4.733430032131194309e+01,-4.733791717844241731e+01,-4.733049287786148085e+01,-4.734692242439717091e+01,-4.735329859416970066e+01,-4.691732704414275901e+01,-4.734763282014964147e+01,-4.729760315242282331e+01
-4.587795564095977596e+01,-4.587573197244115164e+01,-4.586720207634949276e+01,-4.588666832806657681e+01,-4.585776407666309495e+01,-4.587587142877985258e+01,-4.565707113723982502e+01,-4.587801985576027874e+01,-4.583484595831746589e+01
-4.483249870411139426e+01,-4.483715477074354538e+01,-4.484303739060118943e+01,-4.483087044328328830e+01,-4.479495214751246124e+01,-4.481997351036602595e+01,-4.436798194457195166e+01,-4.477136354186026779e+01,-4.481202159962970910e+01
-4.483956258043172483e+01,-4.479503207182649760e+01,-4.481859282114302090e+01,-4.481801427663281601e+01,-4.483857318875350728e+01,-4.478171986335276245e+01,-4.406833705033727000e+01,-4.483895214938444695e+01,-4.483977885452290479e+01
-4.546043819572561517e+01,-4.550562969355045340e+01,-4.551111064745027335e+01,-4.543553303716838343e+01,-4.549908766399583016e+01,-4.551044055718716663e+01,-4.540901515053496240e+01,-4.329196226592546282e+01,-4.533989949805555142e+01
-4.311161973435266503e+01,-4.312360357382498677e+01,-4.311522430562985875e+01,-4.312083388702536269e+01,-4.310422807219786279e+01,-4.311759681576945979e+01,-4.312671907544356742e+01,-4.121948038120262936e+01,-4.311151613250049763e+01
-4.437537581583526247e+01,-4.435963557711482252e+01,-4.437111081361207710e+01,-4.434928298601154495e+01,-4.438742972496825701e+01,-4.435458886239948129e+01,-4.435125855752345103e+01,-4.149682961211900079e+01,-4.436470810437468515e+01
-3.911060589994076508e+01,-3.945662635492404746e+01,-3.937964587066112188e+01,-3.921760057022416390e+01,-3.919686328812688458e+01,-3.930955005368526400e+01,-3.905070561668968310e+01,-3.913640684721944751e+01,-3.915362854757868405e+01
-2.957341648238221055e+01,-3.038417980815752273e+01,-3.050807454979457845e+01,-2.972875321038983287e+01,-2.943511287438628798e+01,-2.969647255942273745e+01,-2.947391401150276380e+01,-2.963447027596640737e+01,-3.012307510266099086e+01
-2.858204826714182545e+01,-2.704561316788041481e+01,-2.840824259578998578e+01,-2.670873324897252132e+01,-2.702290895123053360e+01,-2.737673965598893844e+01,-2.716018398540905565e+01,-2.707825351693635341e+01,-2.728412750228507733e+01
-2.601883325628782728e+01,-2.434716616538525713e+01,-2.773398646128367417e+01,-2.388264436989598494e+01,-2.393970682404434314e+01,-2.383469506075228495e+01,-2.409282339423838692e+01,-2.412997243592532470e+01,-2.376538893147054310e+01
-2.297104112426016087e+01,-2.306131553430483194e+01,-2.579895374591334800e+01,-2.296408003437972312e+01,-2.299968839317863356e+01,-2.298713210757853176e+01,-2.296508981785139980e+01,-2.294139730705749614e+01,-2.296626146861661866e+01
-2.171778295848902829e+01,-2.266311286392990709e+01,-2.166612325410887507e+01,-2.166866217582929366e+01,-2.285930647278862438e+01,-2.160632129812297464e+01,-2.151337659727129648e+01,-2.162019333534721355e+01,-2.161526058581156207e+01
-2.132262534237606388e+01,-2.059453609670515561e+01,-2.125423538355465070e+01,-2.065427863694999644e+01,-2.113022896408621421e+01,-2.210716797650839993e+01,-2.054395652846647735e+01,-2.056690798421259814e+01,-2.020950240381299068e+01
-2.195324347219117911e+01,-2.232430804403396962e+01,-1.902748092766646693e+01,-1.873407582954580519e+01,-1.881392900560546622e+01,-1.891300505768868234e+01,-1.877811913017116652e+01,-1.822683086600151725e+01,-1.880425705063270314e+01
-1.675916211043188042e+01,-1.955628839219144766e+01,-1.855297179093516746e+01,-1.602816266916657639e+01,-1.626104048489087361e+01,-1.618536777924653691e+01,-1.459645648188612377e+01,-1.591804101232560242e+01,-1.606598048683757796e+01
-3.888394241795409556e+01,-3.906901906473453323e+01,-3.885013338905308444e+01,-3.834381125487896469e+01,-3.872926114907058803e+01,-3.869120633344636673e+01,-3.861084905163762215e+01,-3.868957977255595893e+01,-3.899494937390795712e+01
-2.830222116626253381e+01,-2.832676952119476255e+01,-2.871575641844974314e+01,-2.878940993051213582e+01,-2.870669876760382877e+01,-2.857018032633799365e+01,-2.824289507334588123e+01,-2.877276700356685524e+01,-2.834209237115664592e+01
-2.645778792058593254e+01,-2.621020243406651318e+01,-2.600291345499995899e+01,-2.636926589768862783e+01,-2.603878796706836241e+01,-2.587469611024013716e+01,-2.564150508944187834e+01,-2.598387201268058888e+01,-2.612728828134674686e+01
-2.269057287576596593e+01,-2.263582536111131205e+01,-2.256041274728318058e+01,-2.257149921531727088e+01,-2.335213407361733573e+01,-2.285481812706621696e+01,-2.239101898625523646e+01,-2.292603682990983671e+01,-2.306388315304954872e+01
-2.195309492668734919e+01,-2.222783752503944754e+01,-2.239753099551949589e+01,-2.152599147317081218e+01,-2.162425429317251613e+01,-2.153087365163308320e+01,-2.149118058097034734e+01,-2.153742832281547948e+01,-2.153615885632591187e+01
-2.022651066084447535e+01,-2.051122790696250675e+01,-2.075758073404612247e+01,-1.961055555948576057e+01,-1.954926502348655148e+01,-1.976359216386806494e+01,-1.895078636827893348e+01,-1.963905589607170299e+01,-1.972204255139089213e+01
-1.949248239033486740e+01,-1.990264483640686421e+01,-1.958650755148174838e+01,-1.786805251882664436e+01,-1.791422009524129422e+01,-1.780520570787201606e+01,-1.726657891529860578e+01,-1.781790935080855220e+01,-1.783586664934607313e+01
-1.765013526623390305e+01,-1.757691812803921749e+01,-1.750247390129728942e+01,-1.434432438288286527e+01,-1.715344823012989295e+01,-1.633275961377492536e+01,-1.732493169702959790e+01,-1.732481689051027374e+01,-1.732461211092775955e+01
-1.267094221450833658e+01,-1.488420657382752132e+01,-1.303988975879977552e+01,-1.299125095457138102e+01,-1.220696845717715640e+01,-1.228373511804964480e+01,-1.213210591224190438e+01,-1.226933134706330364e+01,-1.212785021609301950e+01
-3.877499108507935688e+01,-3.941727628558464858e+01,-3.980249927056926396e+01,-3.936763333349593097e+01,-3.968040423542487360e+01,-3.999609957020490469e+01,-3.964734916096435313e+01,-3.933944772797890010e+01,-3.963998371303353707e+01
-2.943671241957899198e+01,-2.987225052877844433e+01,-2.933365247415399324e+01,-2.945152850684867474e+01,-3.035383862585072734e+01,-2.944462615742710199e+01,-2.943258185184306086e+01,-2.944039535182700718e+01,-2.942418189654314986e+01
-2.657538463461875367e+01,-2.663914345041029819e+01,-2.670309855646777208e+01,-2.659942601448558719e+01,-2.662045087659111431e+01,-2.802945323729973026e+01,-2.769094931903601875e+01,-2.659546118968970063e+01,-2.670248086522596509e+01
-2.293841909736228857e+01,-2.282724333344737389e+01,-2.295143705219781793e+01,-2.094091249935012300e+01,-2.291867995587671203e+01,-2.281671759334447813e+01,-2.378553243077733015e+01,-2.402933036180251491e+01,-2.284974222202438554e+01
-2.223950556648136612e+01,-2.225736046295750725e+01,-2.221790176348037349e+01,-2.229047064482834983e+01,-2.227623516032026174e+01,-2.225737449902218756e+01,-2.229578136622823337e+01,-2.225400159564710023e+01,-2.224725319970134052e+01
-2.045661253543623204e+01,-2.012877044402034699e+01,-2.048316469792740335e+01,-2.046222995239096676e+01,-2.055205575323724432e+01,-2.038492955151344788e+01,-2.045543561850676184e+01,-2.056909028590014898e+01,-2.042669150571512304e+01
-1.862798200781262636e+01,-1.880563154608083920e+01,-1.771991319742794602e+01,-1.868307324208177889e+01,-1.870125458107968086e+01,-1.866114724669562008e+01,-1.863550714808551945e+01,-1.876407663934536885e+01,-1.885644702063754607e+01
-1.801514316980250996e+01,-1.810295632022391388e+01,-1.783718831881914824e+01,-1.809138820791634572e+01,-1.808665881123755170e+01,-1.798007202796998882e+01,-1.807171933410584685e+01,-1.805175906028782151e+01,-1.801779841572988161e+01
-1.316498189329558599e+01,-1.361382780023072669e+01,-1.114662675311557294e+01,-1.339834156473261118e+01,-1.318360734530996226e+01,-1.318390956365158573e+01,-1.329796115099488141e+01,-1.320187546509181686e+01,-1.337417254949092715e+01
-7.243745067589294706e+01,-7.243732980237470542e+01,-7.244396362320614458e+01,-7.243998105369773555e+01,-7.243269379304007316e+01,-7.243873550856949350e+01,-7.223334645115455999e+01,-7.242591675707888044e+01,-7.242148626522596544e+01
-6.894674569365150774e+01,-6.894688436549073174e+01,-6.894681396081959690e+01,-6.894673252197544855e+01,-6.895673347469400483e+01,-6.895397805730122798e+01,-6.894851910890849922e+01,-6.893973758528082385e+01,-6.870647570892123213e+01
-6.648753390833009291e+01,-6.648616707815726556e+01,-6.648632644744284903e+01,-6.648688274911155816e+01,-6.646311976940272359e+01,-6.648639223887531102e+01,-6.605649931227486604e+01,-6.646989216263781941e+01,-6.648484355734137807e+01
-6.506994624328123678e+01,-6.506929706662501189e+01,-6.506979989141971998e+01,-6.506944145074504604e+01,-6.507478011729966738e+01,-6.505795041785927424e+01,-6.506924562345029983e+01,-6.505009809985432412e+01,-6.472205493426065459e+01
-6.381458110681960250e+01,-6.381139139071098043e+01,-6.380585386193419595e+01,-6.379466998170171621e+01,-6.380425810175115942e+01,-6.381145426489948136e+01,-6.320739172255216687e+01,-6.378563194091642430e+01,-6.375320552945646568e+01
-6.078802825029693935e+01,-6.080382345598633265e+01,-6.080437054190990409e+01,-6.079464730590197519e+01,-6.073097624190140920e+01,-6.080541585202495014e+01,-5.903004773967102636e+01,-6.080536738554248188e+01,-6.079900179115738013e+01
-6.062816602392505416e+01,-6.064239099035651037e+01,-6.061704868866972618e+01,-6.064817557996535413e+01,-6.061353968627221178e+01,-6.055524434116516375e+01,-6.063993608025197801e+01,-5.715379346700321150e+01,-6.064052817846177845e+01
-5.938508267761665138e+01,-5.938586324018618967e+01,-5.938771110929623376e+01,-5.938372470065748843e+01,-5.938271111462605489e+01,-5.938570220624552576e+01,-5.888278992836491454e+01,-5.938634741297546782e+01,-5.938286628530420330e+01
-5.358016558447486943e+01,-5.359118079553106639e+01,-5.360082674752249687e+01,-5.345744242145784142e+01,-5.357737943583258300e+01,-5.359783614636454274e+01,-5.080507644148274693e+01,-5.360595022637760820e+01,-5.357772413021716318e+01
-5.584765198211470505e+01,-5.637902288951265461e+01,-5.672382312654617209e+01,-5.577369219134487111e+01,-5.573711875556062267e+01,-5.566548991781540678e+01,-5.564115140332444298e+01,-5.566877011272620024e+01,-5.588693539704309643e+01
-4.637101418536675368e+01,-4.708793371822768847e+01,-4.651619796221658731e+01,-4.661528986086693749e+01,-4.664355935863631686e+01,-4.627265360381024806e+01,-4.625753050102036923e+01,-4.624991885562757687e+01,-4.627288167887621029e+01
-4.351403746262597849e+01,-4.245834882308771796e+01,-4.264362854159898575e+01,-4.244916380634899156e+01,-4.246667296134651082e+01,-4.253004803892240915e+01,-4.243608571681969721e+01,-4.235402156665234941e+01,-4.245373286521866873e+01
-3.765529881380206234e+01,-3.828355263667673825e+01,-3.836260930779674538e+01,-3.735178039947818718e+01,-3.779414646389827226e+01,-3.765203055887907624e+01,-3.764193867801369464e+01,-3.764910663803298263e+01,-3.784940875011746186e+01
-3.497004239972371664e+01,-3.632587464094542185e+01,-3.540058973026366829e+01,-3.494283559759511348e+01,-3.491686129687224849e+01,-3.496125346875680151e+01,-3.495227664078885965e+01,-3.494653552697995735e+01,-3.488905480616763555e+01
-3.670961219942458342e+01,-3.279592217016954692e+01,-4.298102562292244500e+01,-3.245227245326584153e+01,-3.228039603196862117e+01,-3.226493346778297422e+01,-3.221063531313389205e+01,-3.195741378004631983e+01,-3.220980647440578082e+01
-2.731826303296611869e+01,-2.885481090243165525e+01,-2.713372963747334410e+01,-2.713744570571377679e+01,-2.720798752377191931e+01,-2.717803351961280001e+01,-2.707616843482949420e+01,-2.692520107361531601e+01,-2.710874270495929039e+01
-2.546062736384690695e+01,-3.000012075991254790e+01,-2.910969965407308280e+01,-2.151710046090723694e+01,-2.148455962782029616e+01,-2.155552146481755216e+01,-2.147859233174670024e+01,-2.136027071752884154e+01,-2.146079498257558527e+01
-1.973287261809910120e+01,-3.057589130922653808e+01,-3.138863514080983919e+01,-1.910118864219784030e+01,-1.878409012200823014e+01,-1.892450250011853186e+01,-1.672643871468615373e+01,-1.907236429887385398e+01,-1.897121295819313147e+01
-5.536377664000021070e+01,-5.546021263520184874e+01,-5.537121857691329296e+01,-5.434506858757060854e+01,-5.488890120909549353e+01,-5.483427155162605260e+01,-5.485555986805277939e+01,-5.470931625084377004e+01,-5.510696493571371946e+01
-4.618995527847775406e+01,-4.614615638871659087e+01,-4.622754255993719141e+01,-4.516642968186199880e+01,-4.539935569739419918e+01,-4.536410121936996376e+01,-4.542083202793237007e+01,-4.546905596888207413e+01,-4.587377289767658084e+01
-4.210364228403123832e+01,-4.168704158724008124e+01,-4.167923669862003067e+01,-4.163848302425892456e+01,-4.196917384118452077e+01,-4.187544190553254708e+01,-4.154034137411037619e+01,-4.160741284749814639e+01,-4.164715391326107863e+01
-3.736399684913917696e+01,-3.776498031433119706e+01,-3.733758268756267285e+01,-3.699562624696504542e+01,-3.688406991356955444e+01,-3.688530389037187263e+01,-3.644926224219602062e+01,-3.685149922441496528e+01,-3.697934079293869303e+01
-3.437879290641915730e+01,-3.452449419721161661e+01,-3.418222820451987332e+01,-3.355645290008606452e+01,-3.358163688996688023e+01,-3.355596425721997633e+01,-3.355660366315795784e+01,-3.355670511245334353e+01,-3.355904268758470010e+01
-2.999285860748677024e+01,-3.078811893342477291e+01,-2.902955396520798459e+01,-2.886408008196447383e+01,-2.884648620437081590e+01,-2.896155997189687170e+01,-2.879088870998677763e+01,-2.910219762953514078e+01,-2.888819575460378886e+01
-2.603166908188032380e+01,-2.531093052497790552e+01,-2.590213380416721023e+01,-2.527640401632559275e+01,-2.523749791682702082e+01,-2.541550619072422990e+01,-2.520474041498980711e+01,-2.522119233328738019e+01,-2.528133115135731401e+01
-1.992426952989642785e+01,-1.946273910222241099e+01,-2.010391678258010728e+01,-1.905014932582535891e+01,-1.917248117858693490e+01,-1.830065330536685053e+01,-1.903395321427051456e+01,-1.898549062120859077e+01,-1.915051778296911422e+01
-9.847431026879695182e+00,-6.794288594622029720e+00,-8.222426115196810770e+00,-7.028851633956755052e+00,-1.046511549314188372e+01,-8.106445303291147653e+00,-9.689578195633757218e+00,-7.338495348425807308e+00,-7.040132224955041096e+00
-5.585023233598374048e+01,-5.563609999816409157e+01,-5.636922170299328627e+01,-5.728914133305531919e+01,-5.600630079741043232e+01,-5.600205189528006144e+01,-5.616025369625676689e+01,-5.741844972052849982e+01,-5.633146316519840724e+01
-4.647659424164195485e+01,-4.735319411836991321e+01,-4.601751083525370234e+01,-4.655085614047016662e+01,-4.698419649658303854e+01,-4.659296102943198292e+01,-4.651200903283842791e+01,-4.648580384745539362e+01,-4.688315238169764854e+01
-4.246220562303390977e+01,-4.229641488227210289e+01,-4.246627078528842247e+01,-4.246025002745081167e+01,-4.246453582766920221e+01,-4.264417423886012415e+01,-4.304096240277687002e+01,-4.247692014426196039e+01,-4.246570767650923983e+01
-3.708851825671389690e+01,-3.748322573726180451e+01,-3.749716693801207867e+01,-3.745302046713744204e+01,-3.745244424523768600e+01,-3.748667432324878490e+01,-3.754734817915352352e+01,-3.760109330968710140e+01,-3.747500396250325139e+01
-3.439766504880488185e+01,-3.436718729423947849e+01,-3.434999389988141161e+01,-3.434705882415781275e+01,-3.435848738296427030e+01,-3.438867151264575028e+01,-3.449611942799209885e+01,-3.440405624348949232e+01,-3.443226438526485822e+01
-2.897529103439300258e+01,-2.920323342159873548e+01,-2.915191572364657446e+01,-2.901695243606418373e+01,-2.963574147373590861e+01,-2.941985738455815991e+01,-2.918394246141936321e+01,-2.895985106182616065e+01,-2.919048485324498188e+01
-2.591116884854546853e+01,-2.634564789427519926e+01,-2.604839785517288675e+01,-2.520205712142393040e+01,-2.588985293204907734e+01,-2.589117323191506159e+01,-2.634218996954027503e+01,-2.601120273563273955e+01,-2.590510199423569659e+01
-1.874881017989207521e+01,-1.909374130625572974e+01,-1.889492628171367983e+01,-1.854931685388500995e+01,-1.898375053221485231e+01,-1.877208825473958598e+01,-1.870834546787908437e+01,-1.859293427917938502e+01,-1.864535912769418147e+01
-1.691666666666666652e+00,-1.691666666666666652e+00,-7.260707097451334135e+00,-6.235775645035275261e+00,-1.691666666666666652e+00,-1.691666666666666652e+00,-1.691666666666666652e+00,0.000000000000000000e+00,0.000000000000000000e+00
